case_id,person_id,age_group,gender,day,weather,last_latitude,last_longitude,hour,average_distance,average_speed,usual_area,previous_area,time_since_last_seen,top_location_1_lat,top_location_1_lon,top_location_2_lat,top_location_2_lon,top_location_3_lat,top_location_3_lon,top_location_1_count,top_location_2_count,top_location_3_count,target_area
MP-2026-001,2,46-55,Male,Tuesday,Clear,13.15758,77.70921,14,14.89,11.65,Area C,Area E,25,12.947211,77.610661,12.94757,77.612509,12.947625,77.613817,1,1,1,Area A
MP-2026-002,11,36-45,Male,Wednesday,Storm,13.17803,77.69316,13,7.95,9.1,Area C,Area C,42,12.980248,77.61009,12.980333,77.60938,12.980351,77.605414,1,1,1,Area A
MP-2026-003,11,56+,Female,Monday,Storm,13.12743,77.60636,16,15.12,5.14,Area C,Area E,18,12.980248,77.61009,12.980333,77.60938,12.980351,77.605414,1,1,1,Area C
MP-2026-004,6,18-25,Male,Wednesday,Storm,13.10491,77.72343,10,9.82,8.17,Area C,Area B,38,12.978153,77.605202,12.979516,77.610734,12.980467,77.604072,1,1,1,Area A
MP-2026-005,6,18-25,Non-binary,Sunday,Rain,12.96807,77.70094,14,14.1,6.44,Area A,Area E,37,12.978153,77.605202,12.979516,77.610734,12.980467,77.604072,1,1,1,Area E
MP-2026-006,6,56+,Non-binary,Friday,Clear,12.9865,77.70475,13,5.1,11.66,Area E,Area A,37,12.978153,77.605202,12.979516,77.610734,12.980467,77.604072,1,1,1,Area D
MP-2026-007,6,46-55,Female,Monday,Clear,13.03767,77.67062,18,13.69,8.18,Area B,Area A,41,12.978153,77.605202,12.979516,77.610734,12.980467,77.604072,1,1,1,Area C
MP-2026-008,1,46-55,Male,Saturday,Rain,13.06607,77.66776,16,10.68,5.36,Area D,Area A,13,12.978303,77.608128,12.978985,77.609356,12.979537,77.607287,1,1,1,Area C
MP-2026-009,12,56+,Female,Sunday,Rain,12.91749,77.58442,11,12.24,11.62,Area C,Area D,47,12.948465,77.613611,12.949094,77.614418,12.949381,77.613207,1,1,1,Area D
MP-2026-010,5,36-45,Male,Monday,Clear,12.95009,77.50681,19,11.0,4.77,Area D,Area D,43,12.967912,77.5984,12.968047,77.597053,12.968112,77.595259,1,1,1,Area C
MP-2026-011,12,18-25,Male,Tuesday,Rain,13.03385,77.61431,17,9.7,3.96,Area D,Area D,17,12.948465,77.613611,12.949094,77.614418,12.949381,77.613207,1,1,1,Area A
MP-2026-012,5,56+,Male,Saturday,Storm,13.10991,77.57976,20,14.32,7.94,Area B,Area D,35,12.967912,77.5984,12.968047,77.597053,12.968112,77.595259,1,1,1,Area B
MP-2026-013,1,18-25,Male,Saturday,Rain,13.03673,77.56071,20,7.3,12.42,Area E,Area C,1,12.978303,77.608128,12.978985,77.609356,12.979537,77.607287,1,1,1,Area D
MP-2026-014,6,46-55,Male,Monday,Cloudy,13.08819,77.67523,14,10.41,3.46,Area D,Area A,9,12.978153,77.605202,12.979516,77.610734,12.980467,77.604072,1,1,1,Area C
MP-2026-015,3,26-35,Male,Saturday,Clear,12.93102,77.67629,10,12.55,6.82,Area B,Area E,29,12.988957,77.563782,12.989747,77.557823,12.990118,77.565195,1,1,1,Area C
MP-2026-016,4,18-25,Female,Monday,Clear,13.04469,77.73482,21,11.38,13.32,Area B,Area C,8,12.932311,77.689193,12.932834,77.688509,12.933056,77.688622,1,1,1,Area C
MP-2026-017,7,36-45,Non-binary,Saturday,Rain,12.99947,77.6562,11,15.74,12.86,Area B,Area A,26,12.946907,77.611504,12.94836,77.613749,12.94861,77.608875,1,1,1,Area A
MP-2026-018,4,36-45,Female,Tuesday,Cloudy,13.10167,77.58437,9,14.99,4.19,Area D,Area D,29,12.932311,77.689193,12.932834,77.688509,12.933056,77.688622,1,1,1,Area E
MP-2026-019,12,26-35,Female,Wednesday,Storm,13.06646,77.61128,8,9.12,13.48,Area C,Area E,30,12.948465,77.613611,12.949094,77.614418,12.949381,77.613207,1,1,1,Area B
MP-2026-020,8,36-45,Non-binary,Thursday,Clear,13.18081,77.54938,11,17.9,12.81,Area B,Area C,5,12.989877,77.564145,12.990051,77.568338,12.990061,77.565838,1,1,1,Area D
MP-2026-021,11,56+,Female,Monday,Storm,13.05566,77.59478,20,9.86,4.04,Area B,Area D,35,12.980248,77.61009,12.980333,77.60938,12.980351,77.605414,1,1,1,Area D
MP-2026-022,5,26-35,Female,Monday,Storm,12.97229,77.53683,21,7.33,9.59,Area E,Area A,34,12.967912,77.5984,12.968047,77.597053,12.968112,77.595259,1,1,1,Area E
MP-2026-023,1,18-25,Female,Thursday,Cloudy,13.13322,77.79155,12,5.18,5.53,Area C,Area A,14,12.978303,77.608128,12.978985,77.609356,12.979537,77.607287,1,1,1,Area A
MP-2026-024,1,46-55,Non-binary,Saturday,Cloudy,13.0519,77.70828,9,15.45,10.87,Area C,Area A,4,12.978303,77.608128,12.978985,77.609356,12.979537,77.607287,1,1,1,Area D
MP-2026-025,10,18-25,Male,Sunday,Rain,13.17827,77.61927,9,13.62,13.51,Area A,Area C,25,12.964768,77.595037,12.96722,77.59532,12.967761,77.597073,1,1,1,Area B
MP-2026-026,12,56+,Male,Saturday,Clear,13.06656,77.69019,8,10.45,13.63,Area D,Area A,8,12.948465,77.613611,12.949094,77.614418,12.949381,77.613207,1,1,1,Area C
MP-2026-027,3,56+,Non-binary,Saturday,Clear,13.04021,77.73543,19,15.78,11.76,Area D,Area A,22,12.988957,77.563782,12.989747,77.557823,12.990118,77.565195,1,1,1,Area B
MP-2026-028,5,36-45,Non-binary,Wednesday,Rain,13.16032,77.68093,16,10.54,10.17,Area A,Area B,46,12.967912,77.5984,12.968047,77.597053,12.968112,77.595259,1,1,1,Area E
MP-2026-029,4,36-45,Male,Saturday,Storm,12.971,77.7238,11,5.87,9.54,Area E,Area A,17,12.932311,77.689193,12.932834,77.688509,12.933056,77.688622,1,1,1,Area A
MP-2026-030,3,56+,Female,Friday,Clear,12.94316,77.77629,12,7.0,4.27,Area A,Area B,26,12.988957,77.563782,12.989747,77.557823,12.990118,77.565195,1,1,1,Area A
MP-2026-031,9,18-25,Female,Thursday,Cloudy,12.91601,77.67734,10,9.13,8.55,Area E,Area B,35,12.931149,77.689493,12.93306,77.688945,12.933448,77.688689,1,1,1,Area E
MP-2026-032,10,56+,Male,Tuesday,Clear,12.95445,77.57102,8,10.41,3.54,Area D,Area C,1,12.964768,77.595037,12.96722,77.59532,12.967761,77.597073,1,1,1,Area B
MP-2026-033,12,36-45,Non-binary,Wednesday,Storm,13.15004,77.51559,9,15.97,12.93,Area D,Area A,12,12.948465,77.613611,12.949094,77.614418,12.949381,77.613207,1,1,1,Area E
MP-2026-034,4,56+,Male,Saturday,Clear,13.09274,77.7337,18,11.68,12.43,Area E,Area C,40,12.932311,77.689193,12.932834,77.688509,12.933056,77.688622,1,1,1,Area C
MP-2026-035,10,26-35,Non-binary,Thursday,Rain,12.97994,77.54193,16,8.02,7.04,Area A,Area C,24,12.964768,77.595037,12.96722,77.59532,12.967761,77.597073,1,1,1,Area B
MP-2026-036,9,26-35,Male,Saturday,Storm,13.10572,77.58906,13,11.25,6.61,Area D,Area E,22,12.931149,77.689493,12.93306,77.688945,12.933448,77.688689,1,1,1,Area C
MP-2026-037,12,56+,Male,Saturday,Cloudy,13.14132,77.65982,17,14.55,5.23,Area A,Area B,29,12.948465,77.613611,12.949094,77.614418,12.949381,77.613207,1,1,1,Area D
MP-2026-038,7,56+,Non-binary,Friday,Cloudy,13.08431,77.52853,9,17.17,4.51,Area C,Area A,46,12.946907,77.611504,12.94836,77.613749,12.94861,77.608875,1,1,1,Area E
MP-2026-039,3,56+,Male,Sunday,Storm,13.13479,77.73853,16,12.67,4.05,Area A,Area B,25,12.988957,77.563782,12.989747,77.557823,12.990118,77.565195,1,1,1,Area D
MP-2026-040,3,18-25,Female,Friday,Cloudy,13.07173,77.6398,15,15.39,8.41,Area D,Area D,12,12.988957,77.563782,12.989747,77.557823,12.990118,77.565195,1,1,1,Area C
MP-2026-041,2,56+,Non-binary,Thursday,Cloudy,12.93513,77.52631,9,15.07,10.38,Area D,Area C,35,12.947211,77.610661,12.94757,77.612509,12.947625,77.613817,1,1,1,Area B
MP-2026-042,9,56+,Non-binary,Thursday,Rain,12.98116,77.60926,18,6.92,13.3,Area B,Area A,27,12.931149,77.689493,12.93306,77.688945,12.933448,77.688689,1,1,1,Area C
MP-2026-043,9,26-35,Female,Wednesday,Storm,13.0659,77.78084,18,9.89,13.85,Area D,Area C,1,12.931149,77.689493,12.93306,77.688945,12.933448,77.688689,1,1,1,Area D
MP-2026-044,11,56+,Male,Monday,Clear,13.15516,77.69112,9,13.92,3.14,Area C,Area C,5,12.980248,77.61009,12.980333,77.60938,12.980351,77.605414,1,1,1,Area C
MP-2026-045,9,56+,Male,Monday,Rain,13.03756,77.63269,12,15.16,4.22,Area C,Area E,19,12.931149,77.689493,12.93306,77.688945,12.933448,77.688689,1,1,1,Area E
MP-2026-046,1,56+,Non-binary,Friday,Storm,13.15107,77.53193,11,13.45,3.99,Area A,Area D,32,12.978303,77.608128,12.978985,77.609356,12.979537,77.607287,1,1,1,Area E
MP-2026-047,11,18-25,Female,Saturday,Clear,12.94291,77.73303,11,13.53,3.4,Area A,Area E,1,12.980248,77.61009,12.980333,77.60938,12.980351,77.605414,1,1,1,Area A
MP-2026-048,2,18-25,Non-binary,Wednesday,Storm,13.14044,77.57157,16,15.41,13.21,Area B,Area A,6,12.947211,77.610661,12.94757,77.612509,12.947625,77.613817,1,1,1,Area D
MP-2026-049,11,46-55,Non-binary,Monday,Clear,12.91205,77.56053,19,14.69,9.93,Area D,Area C,5,12.980248,77.61009,12.980333,77.60938,12.980351,77.605414,1,1,1,Area E
MP-2026-050,6,18-25,Non-binary,Monday,Cloudy,12.95791,77.58123,18,12.95,3.6,Area C,Area E,4,12.978153,77.605202,12.979516,77.610734,12.980467,77.604072,1,1,1,Area D
MP-2026-051,1,18-25,Female,Wednesday,Clear,13.11287,77.55194,20,17.74,8.04,Area D,Area A,26,12.978303,77.608128,12.978985,77.609356,12.979537,77.607287,1,1,1,Area D
MP-2026-052,4,46-55,Non-binary,Thursday,Rain,12.94354,77.78381,16,14.1,10.14,Area C,Area C,21,12.932311,77.689193,12.932834,77.688509,12.933056,77.688622,1,1,1,Area E
MP-2026-053,2,18-25,Male,Monday,Clear,13.02121,77.64225,15,8.61,6.35,Area E,Area A,29,12.947211,77.610661,12.94757,77.612509,12.947625,77.613817,1,1,1,Area C
MP-2026-054,10,46-55,Male,Saturday,Clear,13.02354,77.62263,16,9.12,3.4,Area E,Area C,15,12.964768,77.595037,12.96722,77.59532,12.967761,77.597073,1,1,1,Area C
MP-2026-055,6,36-45,Female,Friday,Cloudy,13.07174,77.66973,11,13.48,6.48,Area C,Area D,12,12.978153,77.605202,12.979516,77.610734,12.980467,77.604072,1,1,1,Area D
MP-2026-056,5,36-45,Female,Sunday,Cloudy,13.0878,77.6082,14,16.52,13.13,Area E,Area D,40,12.967912,77.5984,12.968047,77.597053,12.968112,77.595259,1,1,1,Area C
MP-2026-057,9,36-45,Female,Wednesday,Rain,12.99434,77.75121,19,5.94,12.26,Area A,Area A,39,12.931149,77.689493,12.93306,77.688945,12.933448,77.688689,1,1,1,Area A
MP-2026-058,1,26-35,Male,Monday,Cloudy,12.9519,77.59417,12,15.75,12.42,Area E,Area A,20,12.978303,77.608128,12.978985,77.609356,12.979537,77.607287,1,1,1,Area B
MP-2026-059,9,18-25,Female,Thursday,Storm,12.9359,77.60948,16,15.04,6.42,Area A,Area E,37,12.931149,77.689493,12.93306,77.688945,12.933448,77.688689,1,1,1,Area D
MP-2026-060,2,46-55,Non-binary,Friday,Clear,13.09227,77.50322,13,7.13,4.82,Area D,Area C,20,12.947211,77.610661,12.94757,77.612509,12.947625,77.613817,1,1,1,Area E
MP-2026-061,12,56+,Non-binary,Friday,Clear,13.15172,77.7971,15,10.1,3.88,Area C,Area C,40,12.948465,77.613611,12.949094,77.614418,12.949381,77.613207,1,1,1,Area D
MP-2026-062,1,36-45,Male,Tuesday,Storm,12.9452,77.55428,14,8.03,6.21,Area E,Area A,10,12.978303,77.608128,12.978985,77.609356,12.979537,77.607287,1,1,1,Area C
MP-2026-063,12,36-45,Non-binary,Saturday,Storm,12.92523,77.5731,14,13.44,10.37,Area E,Area D,38,12.948465,77.613611,12.949094,77.614418,12.949381,77.613207,1,1,1,Area D
MP-2026-064,8,18-25,Non-binary,Sunday,Storm,13.06186,77.60154,13,14.99,12.37,Area B,Area C,18,12.989877,77.564145,12.990051,77.568338,12.990061,77.565838,1,1,1,Area C
MP-2026-065,6,56+,Female,Friday,Rain,13.15508,77.60218,16,6.36,7.38,Area E,Area C,47,12.978153,77.605202,12.979516,77.610734,12.980467,77.604072,1,1,1,Area E
MP-2026-066,8,46-55,Male,Tuesday,Clear,13.00166,77.55748,10,10.83,6.38,Area D,Area E,7,12.989877,77.564145,12.990051,77.568338,12.990061,77.565838,1,1,1,Area C
MP-2026-067,7,18-25,Male,Friday,Storm,13.11091,77.69013,11,11.21,11.38,Area E,Area D,31,12.946907,77.611504,12.94836,77.613749,12.94861,77.608875,1,1,1,Area E
MP-2026-068,7,46-55,Female,Monday,Clear,13.1346,77.76004,21,10.72,9.08,Area C,Area D,46,12.946907,77.611504,12.94836,77.613749,12.94861,77.608875,1,1,1,Area D
MP-2026-069,6,56+,Female,Sunday,Cloudy,12.98647,77.72013,21,6.61,3.45,Area D,Area B,24,12.978153,77.605202,12.979516,77.610734,12.980467,77.604072,1,1,1,Area D
MP-2026-070,12,36-45,Non-binary,Tuesday,Rain,13.03949,77.79338,21,6.1,9.11,Area A,Area D,26,12.948465,77.613611,12.949094,77.614418,12.949381,77.613207,1,1,1,Area E
MP-2026-071,4,56+,Male,Sunday,Clear,12.91109,77.61181,19,13.78,10.85,Area B,Area A,31,12.932311,77.689193,12.932834,77.688509,12.933056,77.688622,1,1,1,Area D
MP-2026-072,1,56+,Non-binary,Sunday,Clear,13.14026,77.51469,18,16.16,3.05,Area A,Area D,45,12.978303,77.608128,12.978985,77.609356,12.979537,77.607287,1,1,1,Area C
MP-2026-073,4,46-55,Male,Friday,Cloudy,13.02041,77.76869,8,16.09,6.83,Area B,Area B,37,12.932311,77.689193,12.932834,77.688509,12.933056,77.688622,1,1,1,Area E
MP-2026-074,11,26-35,Non-binary,Thursday,Storm,13.01908,77.58245,16,6.1,6.76,Area E,Area A,22,12.980248,77.61009,12.980333,77.60938,12.980351,77.605414,1,1,1,Area D
MP-2026-075,6,56+,Male,Thursday,Clear,12.98891,77.62238,21,17.97,10.71,Area A,Area C,35,12.978153,77.605202,12.979516,77.610734,12.980467,77.604072,1,1,1,Area C
MP-2026-076,1,26-35,Male,Monday,Rain,13.04907,77.54031,20,7.63,3.19,Area A,Area A,15,12.978303,77.608128,12.978985,77.609356,12.979537,77.607287,1,1,1,Area C
MP-2026-077,12,46-55,Non-binary,Sunday,Storm,13.02611,77.78776,12,8.7,12.87,Area C,Area C,19,12.948465,77.613611,12.949094,77.614418,12.949381,77.613207,1,1,1,Area B
MP-2026-078,7,26-35,Non-binary,Tuesday,Cloudy,13.05886,77.7227,20,8.89,5.66,Area D,Area D,15,12.946907,77.611504,12.94836,77.613749,12.94861,77.608875,1,1,1,Area B
MP-2026-079,3,18-25,Male,Tuesday,Storm,12.98497,77.66845,20,10.7,8.24,Area C,Area D,45,12.988957,77.563782,12.989747,77.557823,12.990118,77.565195,1,1,1,Area E
MP-2026-080,8,46-55,Female,Thursday,Clear,13.17077,77.73628,19,6.32,10.18,Area A,Area C,15,12.989877,77.564145,12.990051,77.568338,12.990061,77.565838,1,1,1,Area E
MP-2026-081,10,36-45,Non-binary,Saturday,Clear,12.91075,77.78793,14,8.2,3.72,Area B,Area A,47,12.964768,77.595037,12.96722,77.59532,12.967761,77.597073,1,1,1,Area C
MP-2026-082,4,36-45,Non-binary,Friday,Rain,12.91529,77.53348,12,14.08,5.28,Area D,Area A,46,12.932311,77.689193,12.932834,77.688509,12.933056,77.688622,1,1,1,Area B
MP-2026-083,6,26-35,Female,Wednesday,Storm,12.9005,77.53362,13,11.61,8.38,Area A,Area A,2,12.978153,77.605202,12.979516,77.610734,12.980467,77.604072,1,1,1,Area B
MP-2026-084,5,36-45,Male,Tuesday,Rain,13.15236,77.5781,18,11.24,10.52,Area C,Area B,16,12.967912,77.5984,12.968047,77.597053,12.968112,77.595259,1,1,1,Area B
MP-2026-085,9,26-35,Female,Sunday,Cloudy,12.91457,77.63823,21,5.62,4.52,Area A,Area A,1,12.931149,77.689493,12.93306,77.688945,12.933448,77.688689,1,1,1,Area E
MP-2026-086,2,18-25,Non-binary,Friday,Cloudy,12.90939,77.53319,10,12.4,9.49,Area C,Area B,33,12.947211,77.610661,12.94757,77.612509,12.947625,77.613817,1,1,1,Area E
MP-2026-087,6,18-25,Female,Sunday,Storm,13.08574,77.54882,19,8.31,13.11,Area E,Area E,27,12.978153,77.605202,12.979516,77.610734,12.980467,77.604072,1,1,1,Area C
MP-2026-088,12,46-55,Non-binary,Tuesday,Rain,13.00846,77.74395,21,12.81,5.38,Area C,Area D,25,12.948465,77.613611,12.949094,77.614418,12.949381,77.613207,1,1,1,Area C
MP-2026-089,8,26-35,Non-binary,Wednesday,Clear,12.90895,77.60394,9,14.43,10.79,Area D,Area A,15,12.989877,77.564145,12.990051,77.568338,12.990061,77.565838,1,1,1,Area D
MP-2026-090,10,26-35,Female,Saturday,Clear,13.07815,77.53781,20,7.25,8.58,Area D,Area D,6,12.964768,77.595037,12.96722,77.59532,12.967761,77.597073,1,1,1,Area E
MP-2026-091,4,18-25,Non-binary,Wednesday,Clear,13.19793,77.67539,8,16.44,8.9,Area C,Area E,8,12.932311,77.689193,12.932834,77.688509,12.933056,77.688622,1,1,1,Area D
MP-2026-092,3,26-35,Non-binary,Wednesday,Cloudy,13.07837,77.58843,8,5.24,9.55,Area E,Area E,8,12.988957,77.563782,12.989747,77.557823,12.990118,77.565195,1,1,1,Area B
MP-2026-093,11,56+,Non-binary,Thursday,Rain,13.08323,77.66606,11,14.44,9.24,Area D,Area D,13,12.980248,77.61009,12.980333,77.60938,12.980351,77.605414,1,1,1,Area D
MP-2026-094,9,56+,Female,Monday,Storm,13.05437,77.50374,13,10.3,4.03,Area B,Area C,37,12.931149,77.689493,12.93306,77.688945,12.933448,77.688689,1,1,1,Area E
MP-2026-095,8,26-35,Female,Tuesday,Clear,12.94481,77.78846,17,16.17,13.04,Area D,Area A,12,12.989877,77.564145,12.990051,77.568338,12.990061,77.565838,1,1,1,Area B
MP-2026-096,5,36-45,Non-binary,Wednesday,Cloudy,13.16351,77.61372,18,14.5,11.61,Area A,Area D,45,12.967912,77.5984,12.968047,77.597053,12.968112,77.595259,1,1,1,Area C
MP-2026-097,6,18-25,Non-binary,Thursday,Clear,13.15967,77.73943,20,14.67,3.25,Area A,Area B,10,12.978153,77.605202,12.979516,77.610734,12.980467,77.604072,1,1,1,Area E
MP-2026-098,12,26-35,Non-binary,Friday,Rain,13.16627,77.61839,18,12.55,7.5,Area B,Area D,1,12.948465,77.613611,12.949094,77.614418,12.949381,77.613207,1,1,1,Area D
MP-2026-099,7,56+,Male,Wednesday,Rain,12.95902,77.61316,14,7.12,10.53,Area D,Area A,3,12.946907,77.611504,12.94836,77.613749,12.94861,77.608875,1,1,1,Area B
MP-2026-100,1,56+,Non-binary,Friday,Storm,12.92968,77.72605,11,7.63,5.04,Area B,Area B,23,12.978303,77.608128,12.978985,77.609356,12.979537,77.607287,1,1,1,Area C
MP-2026-101,1,36-45,Male,Monday,Storm,12.91355,77.64445,11,11.44,4.22,Area B,Area D,11,12.978303,77.608128,12.978985,77.609356,12.979537,77.607287,1,1,1,Area B
MP-2026-102,2,26-35,Female,Monday,Storm,13.16301,77.77049,18,17.39,3.79,Area D,Area E,20,12.947211,77.610661,12.94757,77.612509,12.947625,77.613817,1,1,1,Area A
MP-2026-103,12,26-35,Female,Saturday,Cloudy,12.92909,77.75374,15,7.15,5.79,Area C,Area C,22,12.948465,77.613611,12.949094,77.614418,12.949381,77.613207,1,1,1,Area A
MP-2026-104,2,56+,Male,Saturday,Rain,13.12054,77.58881,16,14.88,11.5,Area E,Area C,3,12.947211,77.610661,12.94757,77.612509,12.947625,77.613817,1,1,1,Area B
MP-2026-105,8,56+,Male,Wednesday,Rain,13.16884,77.53012,9,7.33,7.55,Area A,Area E,3,12.989877,77.564145,12.990051,77.568338,12.990061,77.565838,1,1,1,Area C
MP-2026-106,3,26-35,Non-binary,Saturday,Rain,13.1554,77.76237,17,8.23,5.69,Area C,Area C,14,12.988957,77.563782,12.989747,77.557823,12.990118,77.565195,1,1,1,Area A
MP-2026-107,1,56+,Female,Tuesday,Rain,13.13321,77.6553,20,11.98,7.78,Area C,Area C,17,12.978303,77.608128,12.978985,77.609356,12.979537,77.607287,1,1,1,Area A
MP-2026-108,5,18-25,Female,Tuesday,Clear,13.04461,77.78596,21,7.7,5.79,Area B,Area C,42,12.967912,77.5984,12.968047,77.597053,12.968112,77.595259,1,1,1,Area A
MP-2026-109,5,18-25,Female,Monday,Rain,12.99646,77.68244,20,11.91,5.06,Area E,Area C,40,12.967912,77.5984,12.968047,77.597053,12.968112,77.595259,1,1,1,Area E
MP-2026-110,2,56+,Non-binary,Saturday,Storm,13.04063,77.54586,18,5.65,6.77,Area D,Area B,3,12.947211,77.610661,12.94757,77.612509,12.947625,77.613817,1,1,1,Area D
MP-2026-111,8,46-55,Female,Tuesday,Storm,13.13809,77.56359,18,13.31,3.03,Area C,Area C,26,12.989877,77.564145,12.990051,77.568338,12.990061,77.565838,1,1,1,Area E
MP-2026-112,4,26-35,Non-binary,Thursday,Clear,13.03748,77.53871,8,10.11,13.14,Area D,Area D,31,12.932311,77.689193,12.932834,77.688509,12.933056,77.688622,1,1,1,Area B
MP-2026-113,5,46-55,Non-binary,Monday,Rain,13.09799,77.67991,14,9.46,4.95,Area D,Area E,5,12.967912,77.5984,12.968047,77.597053,12.968112,77.595259,1,1,1,Area D
MP-2026-114,12,56+,Male,Saturday,Cloudy,13.03489,77.76775,8,11.91,10.26,Area B,Area E,9,12.948465,77.613611,12.949094,77.614418,12.949381,77.613207,1,1,1,Area B
MP-2026-115,5,56+,Non-binary,Sunday,Cloudy,13.12155,77.62094,13,11.62,12.98,Area A,Area D,16,12.967912,77.5984,12.968047,77.597053,12.968112,77.595259,1,1,1,Area C
MP-2026-116,3,46-55,Male,Tuesday,Clear,13.02245,77.63202,12,13.68,10.21,Area E,Area A,35,12.988957,77.563782,12.989747,77.557823,12.990118,77.565195,1,1,1,Area D
MP-2026-117,4,18-25,Non-binary,Sunday,Storm,12.95934,77.73345,12,13.68,4.42,Area D,Area B,41,12.932311,77.689193,12.932834,77.688509,12.933056,77.688622,1,1,1,Area B
MP-2026-118,10,18-25,Female,Saturday,Clear,13.10242,77.7731,11,14.12,13.48,Area E,Area C,28,12.964768,77.595037,12.96722,77.59532,12.967761,77.597073,1,1,1,Area D
MP-2026-119,9,26-35,Female,Thursday,Rain,12.99615,77.79284,16,5.3,7.4,Area C,Area D,33,12.931149,77.689493,12.93306,77.688945,12.933448,77.688689,1,1,1,Area E
MP-2026-120,12,46-55,Male,Wednesday,Rain,13.18078,77.7562,14,11.37,9.95,Area E,Area C,39,12.948465,77.613611,12.949094,77.614418,12.949381,77.613207,1,1,1,Area B
MP-2026-121,10,26-35,Male,Sunday,Storm,13.17716,77.753,20,14.94,11.39,Area A,Area D,5,12.964768,77.595037,12.96722,77.59532,12.967761,77.597073,1,1,1,Area C
MP-2026-122,8,36-45,Non-binary,Wednesday,Rain,13.09345,77.5868,11,10.33,5.41,Area C,Area C,31,12.989877,77.564145,12.990051,77.568338,12.990061,77.565838,1,1,1,Area E
MP-2026-123,4,56+,Male,Thursday,Storm,12.90225,77.60084,10,6.8,11.52,Area A,Area E,29,12.932311,77.689193,12.932834,77.688509,12.933056,77.688622,1,1,1,Area A
MP-2026-124,2,26-35,Male,Monday,Rain,12.95778,77.54619,21,17.13,13.79,Area C,Area D,30,12.947211,77.610661,12.94757,77.612509,12.947625,77.613817,1,1,1,Area A
MP-2026-125,12,18-25,Male,Tuesday,Cloudy,12.98119,77.76545,19,15.82,4.94,Area C,Area A,8,12.948465,77.613611,12.949094,77.614418,12.949381,77.613207,1,1,1,Area C
MP-2026-126,7,36-45,Female,Monday,Storm,13.10585,77.69581,15,11.71,4.05,Area A,Area E,33,12.946907,77.611504,12.94836,77.613749,12.94861,77.608875,1,1,1,Area D
MP-2026-127,2,56+,Female,Tuesday,Clear,13.03836,77.62743,12,9.59,11.66,Area B,Area D,33,12.947211,77.610661,12.94757,77.612509,12.947625,77.613817,1,1,1,Area E
MP-2026-128,11,56+,Non-binary,Saturday,Storm,12.99646,77.72465,13,16.61,4.58,Area A,Area C,27,12.980248,77.61009,12.980333,77.60938,12.980351,77.605414,1,1,1,Area E
MP-2026-129,11,18-25,Female,Thursday,Clear,13.06015,77.52026,10,10.67,11.52,Area B,Area A,5,12.980248,77.61009,12.980333,77.60938,12.980351,77.605414,1,1,1,Area A
MP-2026-130,5,46-55,Non-binary,Monday,Storm,12.9504,77.54406,19,12.01,12.01,Area B,Area E,3,12.967912,77.5984,12.968047,77.597053,12.968112,77.595259,1,1,1,Area A
MP-2026-131,6,26-35,Male,Tuesday,Cloudy,12.97724,77.7257,18,11.04,7.05,Area C,Area D,20,12.978153,77.605202,12.979516,77.610734,12.980467,77.604072,1,1,1,Area B
MP-2026-132,8,26-35,Male,Wednesday,Clear,12.93567,77.52579,18,15.7,7.38,Area A,Area A,33,12.989877,77.564145,12.990051,77.568338,12.990061,77.565838,1,1,1,Area E
MP-2026-133,11,18-25,Non-binary,Tuesday,Storm,13.03462,77.61788,17,16.35,5.12,Area E,Area E,30,12.980248,77.61009,12.980333,77.60938,12.980351,77.605414,1,1,1,Area B
MP-2026-134,6,46-55,Non-binary,Saturday,Cloudy,13.12042,77.66993,12,14.24,3.29,Area B,Area E,25,12.978153,77.605202,12.979516,77.610734,12.980467,77.604072,1,1,1,Area A
MP-2026-135,12,46-55,Male,Tuesday,Storm,12.97806,77.6256,14,12.3,7.24,Area A,Area E,36,12.948465,77.613611,12.949094,77.614418,12.949381,77.613207,1,1,1,Area B
MP-2026-136,2,36-45,Female,Saturday,Clear,13.06923,77.703,12,7.76,12.84,Area B,Area A,37,12.947211,77.610661,12.94757,77.612509,12.947625,77.613817,1,1,1,Area D
MP-2026-137,10,18-25,Non-binary,Saturday,Storm,13.04099,77.64283,20,7.8,9.44,Area C,Area A,22,12.964768,77.595037,12.96722,77.59532,12.967761,77.597073,1,1,1,Area A
MP-2026-138,4,46-55,Female,Monday,Rain,12.92975,77.5621,10,6.75,12.46,Area C,Area A,9,12.932311,77.689193,12.932834,77.688509,12.933056,77.688622,1,1,1,Area B
MP-2026-139,5,26-35,Female,Sunday,Cloudy,13.00721,77.57944,8,16.55,13.23,Area C,Area B,33,12.967912,77.5984,12.968047,77.597053,12.968112,77.595259,1,1,1,Area A
MP-2026-140,10,18-25,Female,Tuesday,Storm,13.08587,77.53659,9,15.66,8.79,Area E,Area D,7,12.964768,77.595037,12.96722,77.59532,12.967761,77.597073,1,1,1,Area E
MP-2026-141,6,18-25,Female,Monday,Cloudy,12.99718,77.78459,13,7.21,13.76,Area E,Area E,16,12.978153,77.605202,12.979516,77.610734,12.980467,77.604072,1,1,1,Area C
MP-2026-142,7,36-45,Female,Saturday,Cloudy,13.01422,77.61926,21,9.17,5.13,Area C,Area A,47,12.946907,77.611504,12.94836,77.613749,12.94861,77.608875,1,1,1,Area A
MP-2026-143,10,56+,Female,Thursday,Rain,13.0076,77.6226,16,17.05,13.26,Area E,Area D,35,12.964768,77.595037,12.96722,77.59532,12.967761,77.597073,1,1,1,Area B
MP-2026-144,10,26-35,Female,Wednesday,Cloudy,13.07038,77.63855,14,9.17,6.8,Area B,Area C,4,12.964768,77.595037,12.96722,77.59532,12.967761,77.597073,1,1,1,Area B
MP-2026-145,7,18-25,Female,Sunday,Clear,13.11693,77.61673,10,14.82,5.83,Area D,Area C,25,12.946907,77.611504,12.94836,77.613749,12.94861,77.608875,1,1,1,Area E
MP-2026-146,12,56+,Female,Friday,Storm,13.10068,77.51577,16,17.01,9.37,Area E,Area B,47,12.948465,77.613611,12.949094,77.614418,12.949381,77.613207,1,1,1,Area A
MP-2026-147,8,18-25,Non-binary,Wednesday,Cloudy,13.0688,77.50796,17,11.45,8.12,Area A,Area E,22,12.989877,77.564145,12.990051,77.568338,12.990061,77.565838,1,1,1,Area A
MP-2026-148,7,46-55,Non-binary,Saturday,Cloudy,13.16363,77.61192,12,7.09,11.52,Area A,Area B,8,12.946907,77.611504,12.94836,77.613749,12.94861,77.608875,1,1,1,Area C
MP-2026-149,3,36-45,Female,Saturday,Clear,13.18907,77.75669,21,16.42,7.12,Area E,Area C,6,12.988957,77.563782,12.989747,77.557823,12.990118,77.565195,1,1,1,Area A
MP-2026-150,5,56+,Male,Saturday,Cloudy,13.06932,77.79464,14,9.81,7.59,Area E,Area C,7,12.967912,77.5984,12.968047,77.597053,12.968112,77.595259,1,1,1,Area A
MP-2026-151,11,46-55,Female,Saturday,Storm,12.98532,77.59114,19,11.77,8.1,Area A,Area A,21,12.980248,77.61009,12.980333,77.60938,12.980351,77.605414,1,1,1,Area D
MP-2026-152,7,18-25,Male,Monday,Clear,13.01302,77.68561,17,11.79,5.36,Area C,Area C,22,12.946907,77.611504,12.94836,77.613749,12.94861,77.608875,1,1,1,Area A
MP-2026-153,7,18-25,Male,Tuesday,Rain,12.92904,77.7842,12,17.67,3.89,Area B,Area E,28,12.946907,77.611504,12.94836,77.613749,12.94861,77.608875,1,1,1,Area D
MP-2026-154,12,56+,Non-binary,Wednesday,Clear,13.02871,77.62932,16,17.92,13.55,Area B,Area C,32,12.948465,77.613611,12.949094,77.614418,12.949381,77.613207,1,1,1,Area A
MP-2026-155,3,46-55,Male,Wednesday,Storm,13.1709,77.51353,12,6.53,3.66,Area D,Area E,1,12.988957,77.563782,12.989747,77.557823,12.990118,77.565195,1,1,1,Area E
MP-2026-156,12,18-25,Non-binary,Friday,Rain,13.17472,77.67023,15,5.82,13.66,Area D,Area C,14,12.948465,77.613611,12.949094,77.614418,12.949381,77.613207,1,1,1,Area B
MP-2026-157,10,18-25,Male,Friday,Storm,13.18931,77.52829,12,15.79,13.73,Area A,Area D,30,12.964768,77.595037,12.96722,77.59532,12.967761,77.597073,1,1,1,Area E
MP-2026-158,5,56+,Male,Wednesday,Cloudy,13.13874,77.6637,9,17.63,10.75,Area E,Area E,36,12.967912,77.5984,12.968047,77.597053,12.968112,77.595259,1,1,1,Area C
MP-2026-159,6,36-45,Non-binary,Monday,Clear,13.00848,77.61745,13,15.14,7.91,Area D,Area A,10,12.978153,77.605202,12.979516,77.610734,12.980467,77.604072,1,1,1,Area E
MP-2026-160,11,46-55,Female,Tuesday,Storm,12.94726,77.56175,8,11.7,13.3,Area E,Area B,41,12.980248,77.61009,12.980333,77.60938,12.980351,77.605414,1,1,1,Area E
MP-2026-161,1,26-35,Male,Tuesday,Clear,12.94608,77.519,8,16.86,8.91,Area A,Area C,32,12.978303,77.608128,12.978985,77.609356,12.979537,77.607287,1,1,1,Area D
MP-2026-162,10,26-35,Male,Friday,Storm,13.08534,77.75924,19,6.18,5.49,Area A,Area B,20,12.964768,77.595037,12.96722,77.59532,12.967761,77.597073,1,1,1,Area C
MP-2026-163,8,56+,Non-binary,Wednesday,Clear,13.13123,77.66214,13,13.49,10.4,Area D,Area B,8,12.989877,77.564145,12.990051,77.568338,12.990061,77.565838,1,1,1,Area C
MP-2026-164,10,26-35,Non-binary,Saturday,Clear,12.95066,77.781,18,11.47,8.72,Area E,Area A,2,12.964768,77.595037,12.96722,77.59532,12.967761,77.597073,1,1,1,Area C
MP-2026-165,12,36-45,Female,Sunday,Rain,13.04588,77.64338,21,12.71,5.51,Area E,Area A,34,12.948465,77.613611,12.949094,77.614418,12.949381,77.613207,1,1,1,Area D
MP-2026-166,8,18-25,Male,Tuesday,Rain,13.0407,77.76903,21,15.69,10.13,Area D,Area A,36,12.989877,77.564145,12.990051,77.568338,12.990061,77.565838,1,1,1,Area D
MP-2026-167,11,36-45,Male,Wednesday,Rain,13.15687,77.68932,16,13.73,13.57,Area C,Area D,34,12.980248,77.61009,12.980333,77.60938,12.980351,77.605414,1,1,1,Area B
MP-2026-168,8,36-45,Male,Thursday,Rain,13.05173,77.72097,19,14.69,4.44,Area C,Area B,19,12.989877,77.564145,12.990051,77.568338,12.990061,77.565838,1,1,1,Area A
MP-2026-169,5,46-55,Female,Thursday,Clear,13.16841,77.58178,18,7.01,5.17,Area A,Area E,19,12.967912,77.5984,12.968047,77.597053,12.968112,77.595259,1,1,1,Area B
MP-2026-170,4,36-45,Female,Saturday,Clear,13.12816,77.71245,20,11.22,4.62,Area D,Area B,19,12.932311,77.689193,12.932834,77.688509,12.933056,77.688622,1,1,1,Area B
MP-2026-171,3,26-35,Male,Tuesday,Clear,13.06507,77.71151,9,15.17,11.23,Area C,Area C,6,12.988957,77.563782,12.989747,77.557823,12.990118,77.565195,1,1,1,Area E
MP-2026-172,3,36-45,Male,Tuesday,Clear,12.97223,77.60824,19,10.1,5.65,Area B,Area C,43,12.988957,77.563782,12.989747,77.557823,12.990118,77.565195,1,1,1,Area D
MP-2026-173,3,26-35,Female,Friday,Rain,12.93927,77.63165,11,8.07,11.39,Area E,Area B,3,12.988957,77.563782,12.989747,77.557823,12.990118,77.565195,1,1,1,Area E
MP-2026-174,5,36-45,Male,Thursday,Cloudy,13.16015,77.79965,17,16.81,11.71,Area C,Area E,17,12.967912,77.5984,12.968047,77.597053,12.968112,77.595259,1,1,1,Area C
MP-2026-175,10,18-25,Non-binary,Thursday,Rain,13.04316,77.64829,8,12.18,12.2,Area C,Area C,47,12.964768,77.595037,12.96722,77.59532,12.967761,77.597073,1,1,1,Area A
MP-2026-176,9,26-35,Female,Friday,Storm,13.15435,77.79845,19,9.09,7.42,Area A,Area E,36,12.931149,77.689493,12.93306,77.688945,12.933448,77.688689,1,1,1,Area B
MP-2026-177,10,46-55,Male,Friday,Rain,13.00339,77.6671,21,7.54,3.64,Area B,Area A,30,12.964768,77.595037,12.96722,77.59532,12.967761,77.597073,1,1,1,Area E
MP-2026-178,10,36-45,Female,Saturday,Clear,13.1044,77.55758,19,8.44,13.05,Area B,Area E,37,12.964768,77.595037,12.96722,77.59532,12.967761,77.597073,1,1,1,Area A
MP-2026-179,4,46-55,Non-binary,Wednesday,Storm,12.97058,77.58286,19,10.59,7.76,Area C,Area B,33,12.932311,77.689193,12.932834,77.688509,12.933056,77.688622,1,1,1,Area B
MP-2026-180,10,46-55,Male,Saturday,Clear,13.0135,77.75054,18,12.43,13.93,Area D,Area A,42,12.964768,77.595037,12.96722,77.59532,12.967761,77.597073,1,1,1,Area A
MP-2026-181,3,26-35,Non-binary,Monday,Rain,13.14298,77.52671,15,9.83,5.08,Area B,Area D,9,12.988957,77.563782,12.989747,77.557823,12.990118,77.565195,1,1,1,Area A
MP-2026-182,7,36-45,Male,Saturday,Cloudy,13.15854,77.69268,14,10.35,7.44,Area A,Area E,12,12.946907,77.611504,12.94836,77.613749,12.94861,77.608875,1,1,1,Area E
MP-2026-183,1,26-35,Non-binary,Wednesday,Rain,13.12637,77.52934,18,7.41,8.1,Area A,Area B,12,12.978303,77.608128,12.978985,77.609356,12.979537,77.607287,1,1,1,Area B
MP-2026-184,3,46-55,Female,Friday,Rain,13.14082,77.57981,20,6.76,13.38,Area A,Area B,25,12.988957,77.563782,12.989747,77.557823,12.990118,77.565195,1,1,1,Area C
MP-2026-185,12,26-35,Male,Monday,Clear,13.01976,77.51054,19,15.18,5.32,Area D,Area D,19,12.948465,77.613611,12.949094,77.614418,12.949381,77.613207,1,1,1,Area E
MP-2026-186,8,56+,Female,Sunday,Storm,12.9683,77.51516,19,13.05,11.36,Area C,Area B,29,12.989877,77.564145,12.990051,77.568338,12.990061,77.565838,1,1,1,Area A
MP-2026-187,2,46-55,Female,Monday,Storm,13.11851,77.63237,21,14.68,12.03,Area A,Area C,8,12.947211,77.610661,12.94757,77.612509,12.947625,77.613817,1,1,1,Area D
MP-2026-188,8,26-35,Male,Friday,Cloudy,12.9715,77.65086,9,10.14,11.66,Area C,Area C,46,12.989877,77.564145,12.990051,77.568338,12.990061,77.565838,1,1,1,Area E
MP-2026-189,10,26-35,Non-binary,Saturday,Clear,13.10339,77.65693,18,17.49,10.94,Area B,Area D,39,12.964768,77.595037,12.96722,77.59532,12.967761,77.597073,1,1,1,Area E
MP-2026-190,2,56+,Male,Monday,Storm,13.09147,77.64218,12,10.36,12.63,Area B,Area A,5,12.947211,77.610661,12.94757,77.612509,12.947625,77.613817,1,1,1,Area B
MP-2026-191,7,46-55,Male,Saturday,Rain,13.19399,77.76506,13,9.38,9.67,Area B,Area D,14,12.946907,77.611504,12.94836,77.613749,12.94861,77.608875,1,1,1,Area D
MP-2026-192,12,56+,Non-binary,Wednesday,Cloudy,12.96605,77.71358,8,5.72,6.83,Area D,Area C,39,12.948465,77.613611,12.949094,77.614418,12.949381,77.613207,1,1,1,Area E
MP-2026-193,10,18-25,Non-binary,Wednesday,Cloudy,13.18354,77.51526,13,16.27,11.21,Area C,Area B,35,12.964768,77.595037,12.96722,77.59532,12.967761,77.597073,1,1,1,Area E
MP-2026-194,4,26-35,Male,Saturday,Clear,13.13378,77.57371,15,17.46,10.81,Area C,Area A,6,12.932311,77.689193,12.932834,77.688509,12.933056,77.688622,1,1,1,Area D
MP-2026-195,5,46-55,Non-binary,Monday,Cloudy,13.04284,77.63486,15,16.54,11.93,Area B,Area B,3,12.967912,77.5984,12.968047,77.597053,12.968112,77.595259,1,1,1,Area B
MP-2026-196,12,36-45,Female,Friday,Storm,13.1917,77.77087,9,7.2,5.33,Area E,Area B,7,12.948465,77.613611,12.949094,77.614418,12.949381,77.613207,1,1,1,Area A
MP-2026-197,3,18-25,Male,Monday,Clear,13.19695,77.52222,8,12.54,11.52,Area C,Area E,2,12.988957,77.563782,12.989747,77.557823,12.990118,77.565195,1,1,1,Area D
MP-2026-198,5,56+,Female,Wednesday,Rain,13.05664,77.71382,16,11.08,4.87,Area D,Area B,20,12.967912,77.5984,12.968047,77.597053,12.968112,77.595259,1,1,1,Area D
MP-2026-199,10,26-35,Male,Friday,Rain,12.97391,77.75262,10,16.13,3.86,Area E,Area D,42,12.964768,77.595037,12.96722,77.59532,12.967761,77.597073,1,1,1,Area D
MP-2026-200,3,26-35,Non-binary,Monday,Rain,13.10667,77.77294,11,8.77,9.1,Area E,Area C,14,12.988957,77.563782,12.989747,77.557823,12.990118,77.565195,1,1,1,Area D
