case_id,person_id,age_group,gender,last_latitude,last_longitude,last_seen_time,day,weather,usual_area,average_distance,average_speed,previous_area,time_since_last_seen,target_area
MP-2026-001,2,46-55,Male,13.15758,77.70921,14,Tuesday,Clear,Area C,14.89,11.65,Area E,25,Area A
MP-2026-002,11,36-45,Male,13.17803,77.69316,13,Wednesday,Storm,Area C,7.95,9.1,Area C,42,Area A
MP-2026-003,11,56+,Female,13.12743,77.60636,16,Monday,Storm,Area C,15.12,5.14,Area E,18,Area C
MP-2026-004,6,18-25,Male,13.10491,77.72343,10,Wednesday,Storm,Area C,9.82,8.17,Area B,38,Area A
MP-2026-005,6,18-25,Non-binary,12.96807,77.70094,14,Sunday,Rain,Area A,14.1,6.44,Area E,37,Area E
MP-2026-006,6,56+,Non-binary,12.9865,77.70475,13,Friday,Clear,Area E,5.1,11.66,Area A,37,Area D
MP-2026-007,6,46-55,Female,13.03767,77.67062,18,Monday,Clear,Area B,13.69,8.18,Area A,41,Area C
MP-2026-008,1,46-55,Male,13.06607,77.66776,16,Saturday,Rain,Area D,10.68,5.36,Area A,13,Area C
MP-2026-009,12,56+,Female,12.91749,77.58442,11,Sunday,Rain,Area C,12.24,11.62,Area D,47,Area D
MP-2026-010,5,36-45,Male,12.95009,77.50681,19,Monday,Clear,Area D,11.0,4.77,Area D,43,Area C
MP-2026-011,12,18-25,Male,13.03385,77.61431,17,Tuesday,Rain,Area D,9.7,3.96,Area D,17,Area A
MP-2026-012,5,56+,Male,13.10991,77.57976,20,Saturday,Storm,Area B,14.32,7.94,Area D,35,Area B
MP-2026-013,1,18-25,Male,13.03673,77.56071,20,Saturday,Rain,Area E,7.3,12.42,Area C,1,Area D
MP-2026-014,6,46-55,Male,13.08819,77.67523,14,Monday,Cloudy,Area D,10.41,3.46,Area A,9,Area C
MP-2026-015,3,26-35,Male,12.93102,77.67629,10,Saturday,Clear,Area B,12.55,6.82,Area E,29,Area C
MP-2026-016,4,18-25,Female,13.04469,77.73482,21,Monday,Clear,Area B,11.38,13.32,Area C,8,Area C
MP-2026-017,7,36-45,Non-binary,12.99947,77.6562,11,Saturday,Rain,Area B,15.74,12.86,Area A,26,Area A
MP-2026-018,4,36-45,Female,13.10167,77.58437,9,Tuesday,Cloudy,Area D,14.99,4.19,Area D,29,Area E
MP-2026-019,12,26-35,Female,13.06646,77.61128,8,Wednesday,Storm,Area C,9.12,13.48,Area E,30,Area B
MP-2026-020,8,36-45,Non-binary,13.18081,77.54938,11,Thursday,Clear,Area B,17.9,12.81,Area C,5,Area D
MP-2026-021,11,56+,Female,13.05566,77.59478,20,Monday,Storm,Area B,9.86,4.04,Area D,35,Area D
MP-2026-022,5,26-35,Female,12.97229,77.53683,21,Monday,Storm,Area E,7.33,9.59,Area A,34,Area E
MP-2026-023,1,18-25,Female,13.13322,77.79155,12,Thursday,Cloudy,Area C,5.18,5.53,Area A,14,Area A
MP-2026-024,1,46-55,Non-binary,13.0519,77.70828,9,Saturday,Cloudy,Area C,15.45,10.87,Area A,4,Area D
MP-2026-025,10,18-25,Male,13.17827,77.61927,9,Sunday,Rain,Area A,13.62,13.51,Area C,25,Area B
MP-2026-026,12,56+,Male,13.06656,77.69019,8,Saturday,Clear,Area D,10.45,13.63,Area A,8,Area C
MP-2026-027,3,56+,Non-binary,13.04021,77.73543,19,Saturday,Clear,Area D,15.78,11.76,Area A,22,Area B
MP-2026-028,5,36-45,Non-binary,13.16032,77.68093,16,Wednesday,Rain,Area A,10.54,10.17,Area B,46,Area E
MP-2026-029,4,36-45,Male,12.971,77.7238,11,Saturday,Storm,Area E,5.87,9.54,Area A,17,Area A
MP-2026-030,3,56+,Female,12.94316,77.77629,12,Friday,Clear,Area A,7.0,4.27,Area B,26,Area A
MP-2026-031,9,18-25,Female,12.91601,77.67734,10,Thursday,Cloudy,Area E,9.13,8.55,Area B,35,Area E
MP-2026-032,10,56+,Male,12.95445,77.57102,8,Tuesday,Clear,Area D,10.41,3.54,Area C,1,Area B
MP-2026-033,12,36-45,Non-binary,13.15004,77.51559,9,Wednesday,Storm,Area D,15.97,12.93,Area A,12,Area E
MP-2026-034,4,56+,Male,13.09274,77.7337,18,Saturday,Clear,Area E,11.68,12.43,Area C,40,Area C
MP-2026-035,10,26-35,Non-binary,12.97994,77.54193,16,Thursday,Rain,Area A,8.02,7.04,Area C,24,Area B
MP-2026-036,9,26-35,Male,13.10572,77.58906,13,Saturday,Storm,Area D,11.25,6.61,Area E,22,Area C
MP-2026-037,12,56+,Male,13.14132,77.65982,17,Saturday,Cloudy,Area A,14.55,5.23,Area B,29,Area D
MP-2026-038,7,56+,Non-binary,13.08431,77.52853,9,Friday,Cloudy,Area C,17.17,4.51,Area A,46,Area E
MP-2026-039,3,56+,Male,13.13479,77.73853,16,Sunday,Storm,Area A,12.67,4.05,Area B,25,Area D
MP-2026-040,3,18-25,Female,13.07173,77.6398,15,Friday,Cloudy,Area D,15.39,8.41,Area D,12,Area C
MP-2026-041,2,56+,Non-binary,12.93513,77.52631,9,Thursday,Cloudy,Area D,15.07,10.38,Area C,35,Area B
MP-2026-042,9,56+,Non-binary,12.98116,77.60926,18,Thursday,Rain,Area B,6.92,13.3,Area A,27,Area C
MP-2026-043,9,26-35,Female,13.0659,77.78084,18,Wednesday,Storm,Area D,9.89,13.85,Area C,1,Area D
MP-2026-044,11,56+,Male,13.15516,77.69112,9,Monday,Clear,Area C,13.92,3.14,Area C,5,Area C
MP-2026-045,9,56+,Male,13.03756,77.63269,12,Monday,Rain,Area C,15.16,4.22,Area E,19,Area E
MP-2026-046,1,56+,Non-binary,13.15107,77.53193,11,Friday,Storm,Area A,13.45,3.99,Area D,32,Area E
MP-2026-047,11,18-25,Female,12.94291,77.73303,11,Saturday,Clear,Area A,13.53,3.4,Area E,1,Area A
MP-2026-048,2,18-25,Non-binary,13.14044,77.57157,16,Wednesday,Storm,Area B,15.41,13.21,Area A,6,Area D
MP-2026-049,11,46-55,Non-binary,12.91205,77.56053,19,Monday,Clear,Area D,14.69,9.93,Area C,5,Area E
MP-2026-050,6,18-25,Non-binary,12.95791,77.58123,18,Monday,Cloudy,Area C,12.95,3.6,Area E,4,Area D
MP-2026-051,1,18-25,Female,13.11287,77.55194,20,Wednesday,Clear,Area D,17.74,8.04,Area A,26,Area D
MP-2026-052,4,46-55,Non-binary,12.94354,77.78381,16,Thursday,Rain,Area C,14.1,10.14,Area C,21,Area E
MP-2026-053,2,18-25,Male,13.02121,77.64225,15,Monday,Clear,Area E,8.61,6.35,Area A,29,Area C
MP-2026-054,10,46-55,Male,13.02354,77.62263,16,Saturday,Clear,Area E,9.12,3.4,Area C,15,Area C
MP-2026-055,6,36-45,Female,13.07174,77.66973,11,Friday,Cloudy,Area C,13.48,6.48,Area D,12,Area D
MP-2026-056,5,36-45,Female,13.0878,77.6082,14,Sunday,Cloudy,Area E,16.52,13.13,Area D,40,Area C
MP-2026-057,9,36-45,Female,12.99434,77.75121,19,Wednesday,Rain,Area A,5.94,12.26,Area A,39,Area A
MP-2026-058,1,26-35,Male,12.9519,77.59417,12,Monday,Cloudy,Area E,15.75,12.42,Area A,20,Area B
MP-2026-059,9,18-25,Female,12.9359,77.60948,16,Thursday,Storm,Area A,15.04,6.42,Area E,37,Area D
MP-2026-060,2,46-55,Non-binary,13.09227,77.50322,13,Friday,Clear,Area D,7.13,4.82,Area C,20,Area E
MP-2026-061,12,56+,Non-binary,13.15172,77.7971,15,Friday,Clear,Area C,10.1,3.88,Area C,40,Area D
MP-2026-062,1,36-45,Male,12.9452,77.55428,14,Tuesday,Storm,Area E,8.03,6.21,Area A,10,Area C
MP-2026-063,12,36-45,Non-binary,12.92523,77.5731,14,Saturday,Storm,Area E,13.44,10.37,Area D,38,Area D
MP-2026-064,8,18-25,Non-binary,13.06186,77.60154,13,Sunday,Storm,Area B,14.99,12.37,Area C,18,Area C
MP-2026-065,6,56+,Female,13.15508,77.60218,16,Friday,Rain,Area E,6.36,7.38,Area C,47,Area E
MP-2026-066,8,46-55,Male,13.00166,77.55748,10,Tuesday,Clear,Area D,10.83,6.38,Area E,7,Area C
MP-2026-067,7,18-25,Male,13.11091,77.69013,11,Friday,Storm,Area E,11.21,11.38,Area D,31,Area E
MP-2026-068,7,46-55,Female,13.1346,77.76004,21,Monday,Clear,Area C,10.72,9.08,Area D,46,Area D
MP-2026-069,6,56+,Female,12.98647,77.72013,21,Sunday,Cloudy,Area D,6.61,3.45,Area B,24,Area D
MP-2026-070,12,36-45,Non-binary,13.03949,77.79338,21,Tuesday,Rain,Area A,6.1,9.11,Area D,26,Area E
MP-2026-071,4,56+,Male,12.91109,77.61181,19,Sunday,Clear,Area B,13.78,10.85,Area A,31,Area D
MP-2026-072,1,56+,Non-binary,13.14026,77.51469,18,Sunday,Clear,Area A,16.16,3.05,Area D,45,Area C
MP-2026-073,4,46-55,Male,13.02041,77.76869,8,Friday,Cloudy,Area B,16.09,6.83,Area B,37,Area E
MP-2026-074,11,26-35,Non-binary,13.01908,77.58245,16,Thursday,Storm,Area E,6.1,6.76,Area A,22,Area D
MP-2026-075,6,56+,Male,12.98891,77.62238,21,Thursday,Clear,Area A,17.97,10.71,Area C,35,Area C
MP-2026-076,1,26-35,Male,13.04907,77.54031,20,Monday,Rain,Area A,7.63,3.19,Area A,15,Area C
MP-2026-077,12,46-55,Non-binary,13.02611,77.78776,12,Sunday,Storm,Area C,8.7,12.87,Area C,19,Area B
MP-2026-078,7,26-35,Non-binary,13.05886,77.7227,20,Tuesday,Cloudy,Area D,8.89,5.66,Area D,15,Area B
MP-2026-079,3,18-25,Male,12.98497,77.66845,20,Tuesday,Storm,Area C,10.7,8.24,Area D,45,Area E
MP-2026-080,8,46-55,Female,13.17077,77.73628,19,Thursday,Clear,Area A,6.32,10.18,Area C,15,Area E
MP-2026-081,10,36-45,Non-binary,12.91075,77.78793,14,Saturday,Clear,Area B,8.2,3.72,Area A,47,Area C
MP-2026-082,4,36-45,Non-binary,12.91529,77.53348,12,Friday,Rain,Area D,14.08,5.28,Area A,46,Area B
MP-2026-083,6,26-35,Female,12.9005,77.53362,13,Wednesday,Storm,Area A,11.61,8.38,Area A,2,Area B
MP-2026-084,5,36-45,Male,13.15236,77.5781,18,Tuesday,Rain,Area C,11.24,10.52,Area B,16,Area B
MP-2026-085,9,26-35,Female,12.91457,77.63823,21,Sunday,Cloudy,Area A,5.62,4.52,Area A,1,Area E
MP-2026-086,2,18-25,Non-binary,12.90939,77.53319,10,Friday,Cloudy,Area C,12.4,9.49,Area B,33,Area E
MP-2026-087,6,18-25,Female,13.08574,77.54882,19,Sunday,Storm,Area E,8.31,13.11,Area E,27,Area C
MP-2026-088,12,46-55,Non-binary,13.00846,77.74395,21,Tuesday,Rain,Area C,12.81,5.38,Area D,25,Area C
MP-2026-089,8,26-35,Non-binary,12.90895,77.60394,9,Wednesday,Clear,Area D,14.43,10.79,Area A,15,Area D
MP-2026-090,10,26-35,Female,13.07815,77.53781,20,Saturday,Clear,Area D,7.25,8.58,Area D,6,Area E
MP-2026-091,4,18-25,Non-binary,13.19793,77.67539,8,Wednesday,Clear,Area C,16.44,8.9,Area E,8,Area D
MP-2026-092,3,26-35,Non-binary,13.07837,77.58843,8,Wednesday,Cloudy,Area E,5.24,9.55,Area E,8,Area B
MP-2026-093,11,56+,Non-binary,13.08323,77.66606,11,Thursday,Rain,Area D,14.44,9.24,Area D,13,Area D
MP-2026-094,9,56+,Female,13.05437,77.50374,13,Monday,Storm,Area B,10.3,4.03,Area C,37,Area E
MP-2026-095,8,26-35,Female,12.94481,77.78846,17,Tuesday,Clear,Area D,16.17,13.04,Area A,12,Area B
MP-2026-096,5,36-45,Non-binary,13.16351,77.61372,18,Wednesday,Cloudy,Area A,14.5,11.61,Area D,45,Area C
MP-2026-097,6,18-25,Non-binary,13.15967,77.73943,20,Thursday,Clear,Area A,14.67,3.25,Area B,10,Area E
MP-2026-098,12,26-35,Non-binary,13.16627,77.61839,18,Friday,Rain,Area B,12.55,7.5,Area D,1,Area D
MP-2026-099,7,56+,Male,12.95902,77.61316,14,Wednesday,Rain,Area D,7.12,10.53,Area A,3,Area B
MP-2026-100,1,56+,Non-binary,12.92968,77.72605,11,Friday,Storm,Area B,7.63,5.04,Area B,23,Area C
MP-2026-101,1,36-45,Male,12.91355,77.64445,11,Monday,Storm,Area B,11.44,4.22,Area D,11,Area B
MP-2026-102,2,26-35,Female,13.16301,77.77049,18,Monday,Storm,Area D,17.39,3.79,Area E,20,Area A
MP-2026-103,12,26-35,Female,12.92909,77.75374,15,Saturday,Cloudy,Area C,7.15,5.79,Area C,22,Area A
MP-2026-104,2,56+,Male,13.12054,77.58881,16,Saturday,Rain,Area E,14.88,11.5,Area C,3,Area B
MP-2026-105,8,56+,Male,13.16884,77.53012,9,Wednesday,Rain,Area A,7.33,7.55,Area E,3,Area C
MP-2026-106,3,26-35,Non-binary,13.1554,77.76237,17,Saturday,Rain,Area C,8.23,5.69,Area C,14,Area A
MP-2026-107,1,56+,Female,13.13321,77.6553,20,Tuesday,Rain,Area C,11.98,7.78,Area C,17,Area A
MP-2026-108,5,18-25,Female,13.04461,77.78596,21,Tuesday,Clear,Area B,7.7,5.79,Area C,42,Area A
MP-2026-109,5,18-25,Female,12.99646,77.68244,20,Monday,Rain,Area E,11.91,5.06,Area C,40,Area E
MP-2026-110,2,56+,Non-binary,13.04063,77.54586,18,Saturday,Storm,Area D,5.65,6.77,Area B,3,Area D
MP-2026-111,8,46-55,Female,13.13809,77.56359,18,Tuesday,Storm,Area C,13.31,3.03,Area C,26,Area E
MP-2026-112,4,26-35,Non-binary,13.03748,77.53871,8,Thursday,Clear,Area D,10.11,13.14,Area D,31,Area B
MP-2026-113,5,46-55,Non-binary,13.09799,77.67991,14,Monday,Rain,Area D,9.46,4.95,Area E,5,Area D
MP-2026-114,12,56+,Male,13.03489,77.76775,8,Saturday,Cloudy,Area B,11.91,10.26,Area E,9,Area B
MP-2026-115,5,56+,Non-binary,13.12155,77.62094,13,Sunday,Cloudy,Area A,11.62,12.98,Area D,16,Area C
MP-2026-116,3,46-55,Male,13.02245,77.63202,12,Tuesday,Clear,Area E,13.68,10.21,Area A,35,Area D
MP-2026-117,4,18-25,Non-binary,12.95934,77.73345,12,Sunday,Storm,Area D,13.68,4.42,Area B,41,Area B
MP-2026-118,10,18-25,Female,13.10242,77.7731,11,Saturday,Clear,Area E,14.12,13.48,Area C,28,Area D
MP-2026-119,9,26-35,Female,12.99615,77.79284,16,Thursday,Rain,Area C,5.3,7.4,Area D,33,Area E
MP-2026-120,12,46-55,Male,13.18078,77.7562,14,Wednesday,Rain,Area E,11.37,9.95,Area C,39,Area B
MP-2026-121,10,26-35,Male,13.17716,77.753,20,Sunday,Storm,Area A,14.94,11.39,Area D,5,Area C
MP-2026-122,8,36-45,Non-binary,13.09345,77.5868,11,Wednesday,Rain,Area C,10.33,5.41,Area C,31,Area E
MP-2026-123,4,56+,Male,12.90225,77.60084,10,Thursday,Storm,Area A,6.8,11.52,Area E,29,Area A
MP-2026-124,2,26-35,Male,12.95778,77.54619,21,Monday,Rain,Area C,17.13,13.79,Area D,30,Area A
MP-2026-125,12,18-25,Male,12.98119,77.76545,19,Tuesday,Cloudy,Area C,15.82,4.94,Area A,8,Area C
MP-2026-126,7,36-45,Female,13.10585,77.69581,15,Monday,Storm,Area A,11.71,4.05,Area E,33,Area D
MP-2026-127,2,56+,Female,13.03836,77.62743,12,Tuesday,Clear,Area B,9.59,11.66,Area D,33,Area E
MP-2026-128,11,56+,Non-binary,12.99646,77.72465,13,Saturday,Storm,Area A,16.61,4.58,Area C,27,Area E
MP-2026-129,11,18-25,Female,13.06015,77.52026,10,Thursday,Clear,Area B,10.67,11.52,Area A,5,Area A
MP-2026-130,5,46-55,Non-binary,12.9504,77.54406,19,Monday,Storm,Area B,12.01,12.01,Area E,3,Area A
MP-2026-131,6,26-35,Male,12.97724,77.7257,18,Tuesday,Cloudy,Area C,11.04,7.05,Area D,20,Area B
MP-2026-132,8,26-35,Male,12.93567,77.52579,18,Wednesday,Clear,Area A,15.7,7.38,Area A,33,Area E
MP-2026-133,11,18-25,Non-binary,13.03462,77.61788,17,Tuesday,Storm,Area E,16.35,5.12,Area E,30,Area B
MP-2026-134,6,46-55,Non-binary,13.12042,77.66993,12,Saturday,Cloudy,Area B,14.24,3.29,Area E,25,Area A
MP-2026-135,12,46-55,Male,12.97806,77.6256,14,Tuesday,Storm,Area A,12.3,7.24,Area E,36,Area B
MP-2026-136,2,36-45,Female,13.06923,77.703,12,Saturday,Clear,Area B,7.76,12.84,Area A,37,Area D
MP-2026-137,10,18-25,Non-binary,13.04099,77.64283,20,Saturday,Storm,Area C,7.8,9.44,Area A,22,Area A
MP-2026-138,4,46-55,Female,12.92975,77.5621,10,Monday,Rain,Area C,6.75,12.46,Area A,9,Area B
MP-2026-139,5,26-35,Female,13.00721,77.57944,8,Sunday,Cloudy,Area C,16.55,13.23,Area B,33,Area A
MP-2026-140,10,18-25,Female,13.08587,77.53659,9,Tuesday,Storm,Area E,15.66,8.79,Area D,7,Area E
MP-2026-141,6,18-25,Female,12.99718,77.78459,13,Monday,Cloudy,Area E,7.21,13.76,Area E,16,Area C
MP-2026-142,7,36-45,Female,13.01422,77.61926,21,Saturday,Cloudy,Area C,9.17,5.13,Area A,47,Area A
MP-2026-143,10,56+,Female,13.0076,77.6226,16,Thursday,Rain,Area E,17.05,13.26,Area D,35,Area B
MP-2026-144,10,26-35,Female,13.07038,77.63855,14,Wednesday,Cloudy,Area B,9.17,6.8,Area C,4,Area B
MP-2026-145,7,18-25,Female,13.11693,77.61673,10,Sunday,Clear,Area D,14.82,5.83,Area C,25,Area E
MP-2026-146,12,56+,Female,13.10068,77.51577,16,Friday,Storm,Area E,17.01,9.37,Area B,47,Area A
MP-2026-147,8,18-25,Non-binary,13.0688,77.50796,17,Wednesday,Cloudy,Area A,11.45,8.12,Area E,22,Area A
MP-2026-148,7,46-55,Non-binary,13.16363,77.61192,12,Saturday,Cloudy,Area A,7.09,11.52,Area B,8,Area C
MP-2026-149,3,36-45,Female,13.18907,77.75669,21,Saturday,Clear,Area E,16.42,7.12,Area C,6,Area A
MP-2026-150,5,56+,Male,13.06932,77.79464,14,Saturday,Cloudy,Area E,9.81,7.59,Area C,7,Area A
MP-2026-151,11,46-55,Female,12.98532,77.59114,19,Saturday,Storm,Area A,11.77,8.1,Area A,21,Area D
MP-2026-152,7,18-25,Male,13.01302,77.68561,17,Monday,Clear,Area C,11.79,5.36,Area C,22,Area A
MP-2026-153,7,18-25,Male,12.92904,77.7842,12,Tuesday,Rain,Area B,17.67,3.89,Area E,28,Area D
MP-2026-154,12,56+,Non-binary,13.02871,77.62932,16,Wednesday,Clear,Area B,17.92,13.55,Area C,32,Area A
MP-2026-155,3,46-55,Male,13.1709,77.51353,12,Wednesday,Storm,Area D,6.53,3.66,Area E,1,Area E
MP-2026-156,12,18-25,Non-binary,13.17472,77.67023,15,Friday,Rain,Area D,5.82,13.66,Area C,14,Area B
MP-2026-157,10,18-25,Male,13.18931,77.52829,12,Friday,Storm,Area A,15.79,13.73,Area D,30,Area E
MP-2026-158,5,56+,Male,13.13874,77.6637,9,Wednesday,Cloudy,Area E,17.63,10.75,Area E,36,Area C
MP-2026-159,6,36-45,Non-binary,13.00848,77.61745,13,Monday,Clear,Area D,15.14,7.91,Area A,10,Area E
MP-2026-160,11,46-55,Female,12.94726,77.56175,8,Tuesday,Storm,Area E,11.7,13.3,Area B,41,Area E
MP-2026-161,1,26-35,Male,12.94608,77.519,8,Tuesday,Clear,Area A,16.86,8.91,Area C,32,Area D
MP-2026-162,10,26-35,Male,13.08534,77.75924,19,Friday,Storm,Area A,6.18,5.49,Area B,20,Area C
MP-2026-163,8,56+,Non-binary,13.13123,77.66214,13,Wednesday,Clear,Area D,13.49,10.4,Area B,8,Area C
MP-2026-164,10,26-35,Non-binary,12.95066,77.781,18,Saturday,Clear,Area E,11.47,8.72,Area A,2,Area C
MP-2026-165,12,36-45,Female,13.04588,77.64338,21,Sunday,Rain,Area E,12.71,5.51,Area A,34,Area D
MP-2026-166,8,18-25,Male,13.0407,77.76903,21,Tuesday,Rain,Area D,15.69,10.13,Area A,36,Area D
MP-2026-167,11,36-45,Male,13.15687,77.68932,16,Wednesday,Rain,Area C,13.73,13.57,Area D,34,Area B
MP-2026-168,8,36-45,Male,13.05173,77.72097,19,Thursday,Rain,Area C,14.69,4.44,Area B,19,Area A
MP-2026-169,5,46-55,Female,13.16841,77.58178,18,Thursday,Clear,Area A,7.01,5.17,Area E,19,Area B
MP-2026-170,4,36-45,Female,13.12816,77.71245,20,Saturday,Clear,Area D,11.22,4.62,Area B,19,Area B
MP-2026-171,3,26-35,Male,13.06507,77.71151,9,Tuesday,Clear,Area C,15.17,11.23,Area C,6,Area E
MP-2026-172,3,36-45,Male,12.97223,77.60824,19,Tuesday,Clear,Area B,10.1,5.65,Area C,43,Area D
MP-2026-173,3,26-35,Female,12.93927,77.63165,11,Friday,Rain,Area E,8.07,11.39,Area B,3,Area E
MP-2026-174,5,36-45,Male,13.16015,77.79965,17,Thursday,Cloudy,Area C,16.81,11.71,Area E,17,Area C
MP-2026-175,10,18-25,Non-binary,13.04316,77.64829,8,Thursday,Rain,Area C,12.18,12.2,Area C,47,Area A
MP-2026-176,9,26-35,Female,13.15435,77.79845,19,Friday,Storm,Area A,9.09,7.42,Area E,36,Area B
MP-2026-177,10,46-55,Male,13.00339,77.6671,21,Friday,Rain,Area B,7.54,3.64,Area A,30,Area E
MP-2026-178,10,36-45,Female,13.1044,77.55758,19,Saturday,Clear,Area B,8.44,13.05,Area E,37,Area A
MP-2026-179,4,46-55,Non-binary,12.97058,77.58286,19,Wednesday,Storm,Area C,10.59,7.76,Area B,33,Area B
MP-2026-180,10,46-55,Male,13.0135,77.75054,18,Saturday,Clear,Area D,12.43,13.93,Area A,42,Area A
MP-2026-181,3,26-35,Non-binary,13.14298,77.52671,15,Monday,Rain,Area B,9.83,5.08,Area D,9,Area A
MP-2026-182,7,36-45,Male,13.15854,77.69268,14,Saturday,Cloudy,Area A,10.35,7.44,Area E,12,Area E
MP-2026-183,1,26-35,Non-binary,13.12637,77.52934,18,Wednesday,Rain,Area A,7.41,8.1,Area B,12,Area B
MP-2026-184,3,46-55,Female,13.14082,77.57981,20,Friday,Rain,Area A,6.76,13.38,Area B,25,Area C
MP-2026-185,12,26-35,Male,13.01976,77.51054,19,Monday,Clear,Area D,15.18,5.32,Area D,19,Area E
MP-2026-186,8,56+,Female,12.9683,77.51516,19,Sunday,Storm,Area C,13.05,11.36,Area B,29,Area A
MP-2026-187,2,46-55,Female,13.11851,77.63237,21,Monday,Storm,Area A,14.68,12.03,Area C,8,Area D
MP-2026-188,8,26-35,Male,12.9715,77.65086,9,Friday,Cloudy,Area C,10.14,11.66,Area C,46,Area E
MP-2026-189,10,26-35,Non-binary,13.10339,77.65693,18,Saturday,Clear,Area B,17.49,10.94,Area D,39,Area E
MP-2026-190,2,56+,Male,13.09147,77.64218,12,Monday,Storm,Area B,10.36,12.63,Area A,5,Area B
MP-2026-191,7,46-55,Male,13.19399,77.76506,13,Saturday,Rain,Area B,9.38,9.67,Area D,14,Area D
MP-2026-192,12,56+,Non-binary,12.96605,77.71358,8,Wednesday,Cloudy,Area D,5.72,6.83,Area C,39,Area E
MP-2026-193,10,18-25,Non-binary,13.18354,77.51526,13,Wednesday,Cloudy,Area C,16.27,11.21,Area B,35,Area E
MP-2026-194,4,26-35,Male,13.13378,77.57371,15,Saturday,Clear,Area C,17.46,10.81,Area A,6,Area D
MP-2026-195,5,46-55,Non-binary,13.04284,77.63486,15,Monday,Cloudy,Area B,16.54,11.93,Area B,3,Area B
MP-2026-196,12,36-45,Female,13.1917,77.77087,9,Friday,Storm,Area E,7.2,5.33,Area B,7,Area A
MP-2026-197,3,18-25,Male,13.19695,77.52222,8,Monday,Clear,Area C,12.54,11.52,Area E,2,Area D
MP-2026-198,5,56+,Female,13.05664,77.71382,16,Wednesday,Rain,Area D,11.08,4.87,Area B,20,Area D
MP-2026-199,10,26-35,Male,12.97391,77.75262,10,Friday,Rain,Area E,16.13,3.86,Area D,42,Area D
MP-2026-200,3,26-35,Non-binary,13.10667,77.77294,11,Monday,Rain,Area E,8.77,9.1,Area C,14,Area D
